CountryCode,country-code,iso_3166-2,region-code,sub-region-code,F1,CountryName,region,sub-region,Inequality,Air pollution,Dwellings without basic facilities,Educational attainment,Employees working very long hours,Employment rate,Feeling safe walking alone at night,Homicide rate,Household net adjusted disposable income,Household net wealth,Housing expenditure,Labour market insecurity,Life expectancy,Life satisfaction,Long-term unemployment rate,Personal earnings,Quality of support network,Rooms per person,Self-reported health,Stakeholder engagement for developing regulations,Student skills,Time devoted to leisure and personal care,Voter turnout,Water quality,Years in education
AUS,36,ISO 3166-2:AU,9,53,4,Australia,Oceania,Australia and New Zealand,Women,,,80,6.31,68,48.8,0.7,,,,5,84.6,7.4,1.23,,94,,85,,506,14.33,,92,21.1
AUS,36,ISO 3166-2:AU,9,53,3,Australia,Oceania,Australia and New Zealand,Total,5,,81,13.04,73,63.5,1.1,32759,427064,20,5.4,82.5,7.3,1.31,49126,95,,85,2.7,502,14.35,91,93,21
AUS,36,ISO 3166-2:AU,9,53,2,Australia,Oceania,Australia and New Zealand,Men,,,82,19.17,78,80.1,1.5,,,,5.9,80.4,7.2,1.38,,96,,85,,498,14.37,,93,20.8
AUS,36,ISO 3166-2:AU,9,53,1,Australia,Oceania,Australia and New Zealand,Low,,,,,,,,,,,11.02,,,,,,,,,0,,,,
AUS,36,ISO 3166-2:AU,9,53,0,Australia,Oceania,Australia and New Zealand,High,,,,,,,,,,,2.29,,7.5,,,96,,94,,550,,,,
AUT,40,ISO 3166-2:AT,150,155,9,Austria,Europe,Western Europe,Women,,,82,3.1,68,77.4,0.5,,,,2.7,84.1,7.1,1.66,,92,,69,,488,14.32,,91,17.3
AUT,40,ISO 3166-2:AT,150,155,8,Austria,Europe,Western Europe,Total,16,0.9,85,6.66,72,80.6,0.5,33541,308325,21,3.5,81.7,7.1,1.84,50349,92,1.6,70,1.3,492,14.55,80,92,17
AUT,40,ISO 3166-2:AT,150,155,7,Austria,Europe,Western Europe,Men,,,88,10.01,76,84.1,0.4,,,,4.2,79.3,7.1,1.99,,92,,72,,496,14.72,,93,16.7
AUT,40,ISO 3166-2:AT,150,155,6,Austria,Europe,Western Europe,Low,,,,,,,,,,,7.31,,,,,,,62,,447,,,,
AUT,40,ISO 3166-2:AT,150,155,5,Austria,Europe,Western Europe,High,,,,,,,,,,,2.67,,7.6,,,92,,80,,541,,,,
BEL,56,ISO 3166-2:BE,150,155,14,Belgium,Europe,Western Europe,Women,,,78,2.55,59,59.1,0.9,,,,2.7,84,6.9,3.35,,90,,71,,501,15.51,,81,20
BEL,56,ISO 3166-2:BE,150,155,13,Belgium,Europe,Western Europe,Total,15,1.9,77,4.75,63,70.1,1,30364,386006,21,3.7,81.5,6.9,3.54,49675,91,2.2,74,2,503,15.7,89,84,19.3
BEL,56,ISO 3166-2:BE,150,155,12,Belgium,Europe,Western Europe,Men,,,76,6.81,68,81.6,1.2,,,,4.7,79,6.9,3.71,,92,,77,,504,15.78,,86,18.6
BEL,56,ISO 3166-2:BE,150,155,11,Belgium,Europe,Western Europe,Low,,,,,,,,,,,6.97,,,,,,,59,,452,,,,
BEL,56,ISO 3166-2:BE,150,155,10,Belgium,Europe,Western Europe,High,,,,,,,,,,,2.19,,7.3,,,95,,87,,559,,,,
BRA,76,ISO 3166-2:BR,19,5,19,Brazil,Americas,South America,Women,,,52,4.74,51,27.3,4.3,,,,,78.5,6.6,,,91,,,,396,,,69,16.5
BRA,76,ISO 3166-2:BR,19,5,18,Brazil,Americas,South America,Total,10,6.7,49,7.13,61,35.6,26.7,,,,,74.8,6.4,,,90,,,2.2,395,,79,73,16.2
BRA,76,ISO 3166-2:BR,19,5,17,Brazil,Americas,South America,Men,,,46,9.15,71,44.7,50,,,,,71,6.2,,,90,,,,394,,,77,15.8
BRA,76,ISO 3166-2:BR,19,5,16,Brazil,Americas,South America,Low,,,,,,,,,,,,,,,,86,,,,361,,,,
BRA,76,ISO 3166-2:BR,19,5,15,Brazil,Americas,South America,High,,,,,,,,,,,,,,,,,,,,445,,,,
CAN,124,ISO 3166-2:CA,19,21,24,Canada,Americas,Northern America,Women,,,93,1.42,71,73.1,0.7,,,,5.4,83.9,7.4,0.64,,94,,88,,526,14.46,,90,17.8
CAN,124,ISO 3166-2:CA,19,21,23,Canada,Americas,Northern America,Total,7,0.2,91,3.69,73,82.2,1.3,30854,423849,22,6,81.9,7.4,0.77,47622,93,2.6,88,2.9,523,14.56,68,91,17.3
CAN,124,ISO 3166-2:CA,19,21,22,Canada,Americas,Northern America,Men,,,90,5.91,76,92.2,1.8,,,,6.7,79.8,7.3,0.88,,92,,89,,521,14.64,,92,16.9
CAN,124,ISO 3166-2:CA,19,21,21,Canada,Americas,Northern America,Low,,,,,,,,,,,12.97,,,,,,,80,,488,,,,
CAN,124,ISO 3166-2:CA,19,21,20,Canada,Americas,Northern America,High,,,,,,,,,,,4.17,,7.6,,,94,,94,,558,,,,
CHL,152,ISO 3166-2:CL,19,5,29,Chile,Americas,South America,Women,,,65,5.48,53,43.5,1,,,,10.3,82.7,6.5,,,84,,53,,439,,,70,17.7
CHL,152,ISO 3166-2:CL,19,5,28,Chile,Americas,South America,Total,16,9.4,65,9.72,63,47.9,4.2,,100967,18,8.7,79.9,6.5,,25879,85,1.2,57,1.3,443,,47,71,17.5
CHL,152,ISO 3166-2:CL,19,5,27,Chile,Americas,South America,Men,,,65,12.75,72,52.6,7.4,,,,7,77.1,6.5,,,85,,62,,446,,,72,17.3
CHL,152,ISO 3166-2:CL,19,5,26,Chile,Americas,South America,Low,,,,,,,,,,,8.2,,5.7,,,76,,46,,399,,,,
CHL,152,ISO 3166-2:CL,19,5,25,Chile,Americas,South America,High,,,,,,,,,,,6.64,,7.2,,,93,,67,,492,,,,
COL,170,ISO 3166-2:CO,19,5,34,Colombia,Americas,South America,Women,,,56,19.37,55,40.7,4.1,,,,,79.4,6.3,1.16,,89,,,,409,,,73,14.4
COL,170,ISO 3166-2:CO,19,5,33,Colombia,Americas,South America,Total,10,23.9,54,26.56,67,44.4,24.5,,,17,,76.2,6.3,0.79,,89,1.2,,1.4,410,,53,75,14.1
COL,170,ISO 3166-2:CO,19,5,32,Colombia,Americas,South America,Men,,,52,32.09,79,48.6,46.4,,,,,73.1,6.2,0.51,,89,,,,411,,,76,13.8
COL,170,ISO 3166-2:CO,19,5,31,Colombia,Americas,South America,Low,,,,,,,,,,,,,,,,,,,,378,,,,
COL,170,ISO 3166-2:CO,19,5,30,Colombia,Americas,South America,High,,,,,,,,,,,,,,,,,,,,456,,,,
CZE,203,ISO 3166-2:CZ,150,151,39,Czech Republic,Europe,Eastern Europe,Women,,,92,2.21,66,62.6,0.5,,,,3.5,82.1,6.7,1.28,,91,,59,,493,,,86,18.5
CZE,203,ISO 3166-2:CZ,150,151,38,Czech Republic,Europe,Eastern Europe,Total,20,0.7,94,5.65,74,72.3,0.5,21453,,24,3.1,79.1,6.7,1.04,25372,91,1.4,60,1.6,491,,61,87,17.9
CZE,203,ISO 3166-2:CZ,150,151,37,Czech Republic,Europe,Eastern Europe,Men,,,95,8.63,81,82.7,0.5,,,,2.8,76.1,6.7,0.85,,90,,62,,489,,,87,17.3
CZE,203,ISO 3166-2:CZ,150,151,36,Czech Republic,Europe,Eastern Europe,Low,,,,,,,,,,,25.14,,,,,,,44,,440,,,,
CZE,203,ISO 3166-2:CZ,150,151,35,Czech Republic,Europe,Eastern Europe,High,,,,,,,,,,,1.5,,,,,95,,79,,548,,,,
DNK,208,ISO 3166-2:DK,150,154,44,Denmark,Europe,Northern Europe,Women,,,83,0.89,71,74.9,0.4,,,,4.1,82.8,7.6,1.29,,95,,70,,505,15.94,,94,19.9
DNK,208,ISO 3166-2:DK,150,154,43,Denmark,Europe,Northern Europe,Total,9,0.5,81,2.34,74,83.5,0.6,29606,118637,23,4.2,80.9,7.6,1.31,51466,95,1.9,71,2,504,15.87,86,95,19.5
DNK,208,ISO 3166-2:DK,150,154,42,Denmark,Europe,Northern Europe,Men,,,79,3.72,77,92.3,0.8,,,,4.3,79,7.5,1.34,,96,,72,,503,15.81,,96,19.1
DNK,208,ISO 3166-2:DK,150,154,41,Denmark,Europe,Northern Europe,Low,,,,,,,,,,,6.78,,,,,,,66,,471,,,,
DNK,208,ISO 3166-2:DK,150,154,40,Denmark,Europe,Northern Europe,High,,,,,,,,,,,3.65,,7.9,,,96,,84,,543,,,,
EST,233,ISO 3166-2:EE,150,154,49,Estonia,Europe,Northern Europe,Women,,,92,1.17,71,59.2,1.5,,,,3.6,82.2,5.7,1.61,,92,,51,,528,14.43,,83,18.3
EST,233,ISO 3166-2:EE,150,154,48,Estonia,Europe,Northern Europe,Total,8,7,89,2.42,74,69,3.1,19697,159373,17,3.8,77.8,5.7,1.92,24336,92,1.6,53,2.7,524,14.9,64,84,17.7
EST,233,ISO 3166-2:EE,150,154,47,Estonia,Europe,Northern Europe,Men,,,85,3.72,77,80.7,4.9,,,,4.1,73.3,5.8,2.22,,91,,56,,521,15.33,,85,17.1
EST,233,ISO 3166-2:EE,150,154,46,Estonia,Europe,Northern Europe,Low,,,,,,,,,,,8.03,,5.4,,,89,,33,,494,,,,
EST,233,ISO 3166-2:EE,150,154,45,Estonia,Europe,Northern Europe,High,,,,,,,,,,,2.43,,6.3,,,92,,79,,562,,,,
FIN,246,ISO 3166-2:FI,150,154,54,Finland,Europe,Northern Europe,Women,,,91,1.92,69,76.2,0.6,,,,2.9,84.4,7.8,1.8,,96,,69,,535,15.04,,94,20.3
FIN,246,ISO 3166-2:FI,150,154,53,Finland,Europe,Northern Europe,Total,6,0.5,88,3.81,70,85.1,1.3,29943,200827,23,3.9,81.5,7.6,2.13,42964,95,1.9,70,2.2,523,15.17,67,95,19.8
FIN,246,ISO 3166-2:FI,150,154,52,Finland,Europe,Northern Europe,Men,,,85,5.72,72,94.5,1.9,,,,4.9,78.6,7.5,2.44,,94,,72,,511,15.28,,96,19.4
FIN,246,ISO 3166-2:FI,150,154,51,Finland,Europe,Northern Europe,Low,,,,,,,,,,,7.43,,7.2,,,92,,57,,487,,,,
FIN,246,ISO 3166-2:FI,150,154,50,Finland,Europe,Northern Europe,High,,,,,,,,,,,3.41,,8.2,,,97,,83,,562,,,,
FRA,250,ISO 3166-2:FR,150,155,59,France,Europe,Western Europe,Women,,,78,4.92,62,65.5,0.3,,,,7,85.5,6.4,3.79,,91,,65,,499,15.99,,82,16.8
FRA,250,ISO 3166-2:FR,150,155,58,France,Europe,Western Europe,Total,13,0.5,78,7.67,65,70.5,0.5,31304,280653,21,7.6,82.4,6.5,4,43755,90,1.8,66,2.1,496,16.36,75,81,16.5
FRA,250,ISO 3166-2:FR,150,155,57,France,Europe,Western Europe,Men,,,79,10.38,69,76.1,0.6,,,,8.1,79.2,6.6,4.2,,90,,68,,492,16.66,,80,16.2
FRA,250,ISO 3166-2:FR,150,155,56,France,Europe,Western Europe,Low,,,,,,,,,,,15.09,,5.9,,,80,,61,,442,,,,
FRA,250,ISO 3166-2:FR,150,155,55,France,Europe,Western Europe,High,,,,,,,,,,,4.11,,7.3,,,94,,72,,558,,,,
DEU,276,ISO 3166-2:DE,150,155,64,Germany,Europe,Western Europe,Women,,,85,1.92,72,67.4,0.5,,,,4.2,83.5,7,1.3,,90,,64,,507,15.57,,92,18.1
DEU,276,ISO 3166-2:DE,150,155,63,Germany,Europe,Western Europe,Total,14,0.2,87,4.26,75,72.5,0.5,34294,259667,20,2.7,81.1,7,1.57,47585,90,1.8,65,1.8,508,15.62,76,91,18.1
DEU,276,ISO 3166-2:DE,150,155,62,Germany,Europe,Western Europe,Men,,,88,6.41,79,77.9,0.5,,,,4.9,78.6,7,1.8,,90,,67,,509,15.65,,91,18.1
DEU,276,ISO 3166-2:DE,150,155,61,Germany,Europe,Western Europe,Low,,,,,,,,,,,10.43,,,,,,,52,,468,,,,
DEU,276,ISO 3166-2:DE,150,155,60,Germany,Europe,Western Europe,High,,,,,,,,,,,2.41,,7.4,,,92,,79,,563,,,,
GRC,300,ISO 3166-2:GR,150,39,69,Greece,Europe,Southern Europe,Women,,,74,4.11,44,50.8,0.5,,,,36,84,5.4,19.42,,80,,71,,466,,,68,18.8
GRC,300,ISO 3166-2:GR,150,39,68,Greece,Europe,Southern Europe,Total,18,0.5,73,6.42,53,60,0.8,17700,150134,23,29.8,81.5,5.4,15.65,26064,80,1.2,74,1.8,458,,64,69,19
GRC,300,ISO 3166-2:GR,150,39,67,Greece,Europe,Southern Europe,Men,,,72,8.31,63,69.8,1.2,,,,23.7,78.9,5.3,12.62,,79,,77,,451,,,71,19.2
GRC,300,ISO 3166-2:GR,150,39,66,Greece,Europe,Southern Europe,Low,,,,,,,,,,,32.72,,4.4,,,67,,,,420,,,,
GRC,300,ISO 3166-2:GR,150,39,65,Greece,Europe,Southern Europe,High,,,,,,,,,,,23.78,,6.2,,,88,,82,,506,,,,
HUN,348,ISO 3166-2:HU,150,151,74,Hungary,Europe,Eastern Europe,Women,,,82,1.66,61,48.2,0.7,,,,4.6,79.7,5.6,1.87,,87,,56,,477,,,77,16.6
HUN,348,ISO 3166-2:HU,150,151,73,Hungary,Europe,Eastern Europe,Total,19,4.7,84,3.03,68,56.3,1,,104458,19,4.7,76.2,5.6,1.72,22576,86,1.2,60,1.2,474,,70,77,16.4
HUN,348,ISO 3166-2:HU,150,151,72,Hungary,Europe,Eastern Europe,Men,,,86,4.24,75,65.6,1.3,,,,4.7,72.6,5.6,1.59,,84,,63,,472,,,77,16.3
HUN,348,ISO 3166-2:HU,150,151,71,Hungary,Europe,Eastern Europe,Low,,,,,,,,,,,10.66,,5.1,,,85,,52,,418,,,,
HUN,348,ISO 3166-2:HU,150,151,70,Hungary,Europe,Eastern Europe,High,,,,,,,,,,,1.62,,6.5,,,,,74,,534,,,,
ISL,352,ISO 3166-2:IS,150,154,79,Iceland,Europe,Northern Europe,Women,,,77,5.6,83,77.8,0.4,,,,0.7,84.1,7.6,0.27,,98,,73,,488,,,98,19.8
ISL,352,ISO 3166-2:IS,150,154,78,Iceland,Europe,Northern Europe,Total,3,0,77,15.06,86,86,0.5,,,24,0.7,82.3,7.5,0.26,61787,98,1.6,76,2.1,481,,79,99,19
ISL,352,ISO 3166-2:IS,150,154,77,Iceland,Europe,Northern Europe,Men,,,77,23.94,88,95.1,0.6,,,,0.7,80.4,7.4,0.24,,97,,80,,473,,,99,18.3
ISL,352,ISO 3166-2:IS,150,154,76,Iceland,Europe,Northern Europe,Low,,,,,,,,,,,0.62,,7.4,,,,,68,,453,,,,
ISL,352,ISO 3166-2:IS,150,154,75,Iceland,Europe,Northern Europe,High,,,,,,,,,,,0.59,,8,,,99,,83,,509,,,,
IRL,372,ISO 3166-2:IE,150,154,84,Ireland,Europe,Northern Europe,Women,,,85,2.28,62,68.9,0.2,,,,5.2,83.6,7,2.55,,96,,83,,507,,,85,18.1
IRL,372,ISO 3166-2:IE,150,154,83,Ireland,Europe,Northern Europe,Total,7,1,82,5.25,67,75.9,0.7,25310,217130,20,7.8,81.8,7,3.23,47653,95,2.1,83,1.3,509,,65,85,18.1
IRL,372,ISO 3166-2:IE,150,154,82,Ireland,Europe,Northern Europe,Men,,,79,8.25,73,83.2,1.1,,,,10.5,79.9,7,3.83,,94,,83,,511,,,85,18.1
IRL,372,ISO 3166-2:IE,150,154,81,Ireland,Europe,Northern Europe,Low,,,,,,,,,,,16.32,,,,,,,72,,472,,,,
IRL,372,ISO 3166-2:IE,150,154,80,Ireland,Europe,Northern Europe,High,,,,,,,,,,,4.1,,7.2,,,95,,93,,550,,,,
ISR,376,ISO 3166-2:IL,142,145,89,Israel,Asia,Western Asia,Women,,,88,7.08,66,62.1,0.7,,,,,84.2,7.1,0.48,,88,,82,,473,,,66,16.1
ISR,376,ISO 3166-2:IL,142,145,88,Israel,Asia,Western Asia,Total,21,,87,15.45,69,69.8,1.8,,,,4.2,82.5,7.2,0.49,35067,88,1.2,84,2.5,472,,72,67,15.6
ISR,376,ISO 3166-2:IL,142,145,87,Israel,Asia,Western Asia,Men,,,87,23.29,72,78,3,,,,,80.7,7.2,0.49,,88,,85,,470,,,68,15.2
ISR,376,ISO 3166-2:IL,142,145,86,Israel,Asia,Western Asia,Low,,,,,,,,,,,,,,,,,,,,421,,,,
ISR,376,ISO 3166-2:IL,142,145,85,Israel,Asia,Western Asia,High,,,,,,,,,,,,,7.4,,,90,,96,,514,,,,
ITA,380,ISO 3166-2:IT,150,39,94,Italy,Europe,Southern Europe,Women,,,63,2.25,49,52.6,0.3,,,,12.5,85.6,5.9,7.16,,91,,68,,482,15.52,,69,17
ITA,380,ISO 3166-2:IT,150,39,93,Italy,Europe,Southern Europe,Total,18,0.7,61,4.11,58,58.4,0.6,26588,279889,23,12.3,83.3,6,6.59,36658,92,1.4,71,2.5,485,16.47,73,71,16.6
ITA,380,ISO 3166-2:IT,150,39,92,Italy,Europe,Southern Europe,Men,,,59,5.65,67,64.8,0.9,,,,12.1,81,6.2,6.17,,92,,74,,489,16.95,,73,16.2
ITA,380,ISO 3166-2:IT,150,39,91,Italy,Europe,Southern Europe,Low,,,,,,,,,,,16.78,,5.7,,,90,,69,,445,,,,
ITA,380,ISO 3166-2:IT,150,39,90,Italy,Europe,Southern Europe,High,,,,,,,,,,,6.98,,6.9,,,94,,77,,524,,,,
JPN,392,ISO 3166-2:JP,142,30,99,Japan,Asia,Eastern Asia,Women,,,,,67,64.8,0.2,,,,0.3,87.1,6,0.58,,93,,34,,527,,,86,16.3
JPN,392,ISO 3166-2:JP,142,30,98,Japan,Asia,Eastern Asia,Total,14,6.4,,,75,72.5,0.2,29798,305878,22,1.4,84.1,5.9,1.03,40863,89,1.9,36,1.4,529,,53,87,16.4
JPN,392,ISO 3166-2:JP,142,30,97,Japan,Asia,Eastern Asia,Men,,,,,83,81.1,0.2,,,,2.4,81,5.8,1.38,,85,,37,,531,,,88,16.4
JPN,392,ISO 3166-2:JP,142,30,96,Japan,Asia,Eastern Asia,Low,,,,,,,,,,,4.35,,,,,88,,28,,489,,,,
JPN,392,ISO 3166-2:JP,142,30,95,Japan,Asia,Eastern Asia,High,,,,,,,,,,,2.65,,,,,,,39,,568,,,,
KOR,410,ISO 3166-2:KR,142,30,167,South Korea,Asia,Eastern Asia,Women,,,85,,57,60,1,,,,2.1,85.4,6.1,0.05,,81,,29,,529,14,,76,16.7
KOR,410,ISO 3166-2:KR,142,30,166,South Korea,Asia,Eastern Asia,Total,28,2.5,88,,67,66.6,1,21882,285980,15,2.6,82.4,5.9,0.05,35191,78,1.5,33,2.9,519,14.7,77,76,17.3
KOR,410,ISO 3166-2:KR,142,30,165,South Korea,Asia,Eastern Asia,Men,,,90,,76,73.4,1,,,,3.1,79.3,5.6,0.05,,76,,36,,510,15.05,,76,17.8
KOR,410,ISO 3166-2:KR,142,30,164,South Korea,Asia,Eastern Asia,Low,,,,,,,,,,,1.11,,,,,,,29,,480,,,,
KOR,410,ISO 3166-2:KR,142,30,163,South Korea,Asia,Eastern Asia,High,,,,,,,,,,,2.6,,,,,,,38,,562,,,,
LVA,428,ISO 3166-2:LV,150,154,104,Latvia,Europe,Northern Europe,Women,,,91,0.87,68,54.4,2.8,,,,8,79.6,6,2.65,,89,,43,,496,13.45,,80,18.7
LVA,428,ISO 3166-2:LV,150,154,103,Latvia,Europe,Northern Europe,Total,11,13.9,88,1.27,70,62.4,4.8,16275,70160,23,9.6,74.7,5.9,3.35,23683,86,1.2,47,2.2,487,13.83,59,79,18
LVA,428,ISO 3166-2:LV,150,154,102,Latvia,Europe,Northern Europe,Men,,,84,1.7,72,72.4,7.2,,,,11.1,69.8,5.9,4.06,,83,,53,,478,14.2,,79,17.4
LVA,428,ISO 3166-2:LV,150,154,101,Latvia,Europe,Northern Europe,Low,,,,,,,,,,,23.29,,5.4,,,82,,28,,456,,,,
LVA,428,ISO 3166-2:LV,150,154,100,Latvia,Europe,Northern Europe,High,,,,,,,,,,,4.59,,6.5,,,91,,69,,521,,,,
LTU,440,ISO 3166-2:LT,150,154,109,Lithuania,Europe,Northern Europe,Women,,,95,0.43,70,51.2,1.7,,,,,80.1,6,2.18,,88,,40,,483,,,82,18.8
LTU,440,ISO 3166-2:LT,150,154,108,Lithuania,Europe,Northern Europe,Total,14,13.6,93,0.54,70,55.9,3.4,21660,,19,,74.8,5.9,2.69,24287,88,1.5,43,2.4,475,,51,81,18.4
LTU,440,ISO 3166-2:LT,150,154,107,Lithuania,Europe,Northern Europe,Men,,,90,0.67,71,61.6,5.2,,,,,69.5,5.9,3.22,,87,,49,,468,,,79,18
LTU,440,ISO 3166-2:LT,150,154,106,Lithuania,Europe,Northern Europe,Low,,,,,,,,,,,,,5.6,,,87,,29,,438,,,,
LTU,440,ISO 3166-2:LT,150,154,105,Lithuania,Europe,Northern Europe,High,,,,,,,,,,,,,6.5,,,92,,67,,519,,,,
LUX,442,ISO 3166-2:LU,150,155,114,Luxembourg,Europe,Western Europe,Women,,,76,1.88,63,71.5,0.5,,,,1.9,85.4,6.8,1.99,,92,,67,,484,,,83,15.2
LUX,442,ISO 3166-2:LU,150,155,113,Luxembourg,Europe,Western Europe,Total,12,0.5,77,3.82,66,75.8,0.6,39264,769053,21,1.7,82.8,6.9,2.35,63062,93,1.9,69,1.7,483,,91,84,15.1
LUX,442,ISO 3166-2:LU,150,155,112,Luxembourg,Europe,Western Europe,Men,,,77,5.52,70,80.3,0.6,,,,1.4,80.1,7,2.69,,94,,72,,483,,,85,15
LUX,442,ISO 3166-2:LU,150,155,111,Luxembourg,Europe,Western Europe,Low,,,,,,,,,,,1.59,,,,,,,65,,428,,,,
LUX,442,ISO 3166-2:LU,150,155,110,Luxembourg,Europe,Western Europe,High,,,,,,,,,,,2.02,,,,,,,74,,549,,,,
MEX,484,ISO 3166-2:MX,19,13,119,Mexico,Americas,Central America,Women,,,37,17.61,45,38.3,3.9,,,,5.5,77.9,6.5,0.07,,83,,64,,416,,,68,15.3
MEX,484,ISO 3166-2:MX,19,13,118,Mexico,Americas,Central America,Total,16,25.5,38,28.7,61,41.8,18.1,,,20,5.5,75.4,6.5,0.07,15314,81,1,66,3.2,416,,63,68,15.2
MEX,484,ISO 3166-2:MX,19,13,117,Mexico,Americas,Central America,Men,,,38,35.53,79,45.8,33.9,,,,5.5,72.9,6.4,0.06,,79,,67,,416,,,67,15
MEX,484,ISO 3166-2:MX,19,13,116,Mexico,Americas,Central America,Low,,,,,,,,,,,4.22,,,,,78,,,,385,,,,
MEX,484,ISO 3166-2:MX,19,13,115,Mexico,Americas,Central America,High,,,,,,,,,,,6.26,,,,,87,,,,447,,,,
NLD,528,ISO 3166-2:NL,150,155,124,Netherlands,Europe,Western Europe,Women,,,78,0.09,71,72.8,0.4,,,,4.7,83.2,7.5,2.15,,90,,73,,511,,,92,18.7
NLD,528,ISO 3166-2:NL,150,155,123,Netherlands,Europe,Western Europe,Total,14,0.1,78,0.42,76,82,0.6,29333,157824,19,4.8,81.6,7.4,1.97,52877,91,1.9,76,2.6,508,,82,93,18.7
NLD,528,ISO 3166-2:NL,150,155,122,Netherlands,Europe,Western Europe,Men,,,79,0.73,80,91.4,0.8,,,,4.9,80,7.4,1.81,,92,,79,,505,,,94,18.6
NLD,528,ISO 3166-2:NL,150,155,121,Netherlands,Europe,Western Europe,Low,,,,,,,,,,,7.18,,,,,,,65,,468,,,,
NLD,528,ISO 3166-2:NL,150,155,120,Netherlands,Europe,Western Europe,High,,,,,,,,,,,3.07,,7.7,,,,,86,,556,,,,
NZL,554,ISO 3166-2:NZ,9,53,129,New Zealand,Oceania,Australia and New Zealand,Women,,,79,8.63,72,51.8,0.7,,,,,83.4,7.4,0.75,,96,,88,,509,14.95,,87,18.2
NZL,554,ISO 3166-2:NZ,9,53,128,New Zealand,Oceania,Australia and New Zealand,Total,5,,79,15.11,77,65.7,1.3,,388514,26,4.7,81.7,7.3,0.74,40043,96,2.4,88,2.5,506,14.87,80,89,17.7
NZL,554,ISO 3166-2:NZ,9,53,127,New Zealand,Oceania,Australia and New Zealand,Men,,,78,21.37,82,81.3,1.9,,,,,80,7.2,0.72,,95,,88,,503,14.83,,91,17.2
NZL,554,ISO 3166-2:NZ,9,53,126,New Zealand,Oceania,Australia and New Zealand,Low,,,,,,,,,,,,,,,,,,,,459,,,,
NZL,554,ISO 3166-2:NZ,9,53,125,New Zealand,Oceania,Australia and New Zealand,High,,,,,,,,,,,,,,,,98,,93,,554,,,,
NOR,578,ISO 3166-2:NO,150,154,134,Norway,Europe,Northern Europe,Women,,,83,1.34,72,83.5,0.5,,,,,84.2,7.6,0.51,,94,,75,,511,15.65,,97,18.8
NOR,578,ISO 3166-2:NO,150,154,133,Norway,Europe,Northern Europe,Total,5,0,82,2.93,74,90.1,0.4,35725,228936,17,,82.5,7.6,0.66,51212,94,2.1,77,2.2,504,15.56,78,98,18.3
NOR,578,ISO 3166-2:NO,150,154,132,Norway,Europe,Northern Europe,Men,,,81,4.39,76,96.5,0.3,,,,,80.7,7.6,0.8,,95,,79,,498,15.48,,98,17.9
NOR,578,ISO 3166-2:NO,150,154,131,Norway,Europe,Northern Europe,Low,,,,,,,,,,,,,7.5,,,91,,69,,472,,,,
NOR,578,ISO 3166-2:NO,150,154,130,Norway,Europe,Northern Europe,High,,,,,,,,,,,,,7.8,,,96,,86,,539,,,,
POL,616,ISO 3166-2:PL,150,151,139,Poland,Europe,Eastern Europe,Women,,,92,2.28,59,61.2,0.4,,,,5.3,82,6.2,1.47,,88,,56,,506,14.08,,81,18.4
POL,616,ISO 3166-2:PL,150,151,138,Poland,Europe,Eastern Europe,Total,22,3,92,5.95,66,67.3,0.7,19814,210991,22,5.7,78,6.1,1.52,27046,86,1.1,58,2.6,504,14.42,55,82,17.6
POL,616,ISO 3166-2:PL,150,151,137,Poland,Europe,Eastern Europe,Men,,,92,9.24,73,73.9,1.1,,,,6,73.9,6,1.55,,84,,62,,502,14.67,,83,17
POL,616,ISO 3166-2:PL,150,151,136,Poland,Europe,Eastern Europe,Low,,,,,,,,,,,15,,,,,,,52,,466,,,,
POL,616,ISO 3166-2:PL,150,151,135,Poland,Europe,Eastern Europe,High,,,,,,,,,,,2.92,,,,,,,72,,549,,,,
PRT,620,ISO 3166-2:PT,150,39,144,Portugal,Europe,Southern Europe,Women,,,52,5.46,65,63.1,1,,,,9.7,84.3,5.5,4.61,,87,,43,,496,,,86,17
PRT,620,ISO 3166-2:PT,150,39,143,Portugal,Europe,Southern Europe,Total,10,1,48,8.27,68,73.4,1,21203,232666,21,10,81.2,5.4,4.43,25367,88,1.7,48,1.5,497,,56,86,16.9
PRT,620,ISO 3166-2:PT,150,39,142,Portugal,Europe,Southern Europe,Men,,,43,11.29,71,84.8,1,,,,10.2,78.1,5.4,4.25,,88,,53,,497,,,87,16.9
PRT,620,ISO 3166-2:PT,150,39,141,Portugal,Europe,Southern Europe,Low,,,,,,,,,,,10.76,,4.7,,,84,,36,,456,,,,
PRT,620,ISO 3166-2:PT,150,39,140,Portugal,Europe,Southern Europe,High,,,,,,,,,,,7.46,,6.4,,,93,,61,,551,,,,
RUS,643,ISO 3166-2:RU,150,151,149,Russia,Europe,Eastern Europe,Women,,,95,0.05,65,44.5,4.2,,,,,77.1,5.8,1.57,,90,,38,,494,,,53,16.4
RUS,643,ISO 3166-2:RU,150,151,148,Russia,Europe,Eastern Europe,Total,15,14.8,94,0.14,70,52.8,9.6,,,18,,71.8,5.8,1.59,,89,0.9,43,,492,,68,55,16.2
RUS,643,ISO 3166-2:RU,150,151,147,Russia,Europe,Eastern Europe,Men,,,93,0.23,76,63.1,16,,,,,66.5,5.9,1.6,,89,,49,,489,,,58,16
RUS,643,ISO 3166-2:RU,150,151,146,Russia,Europe,Eastern Europe,Low,,,,,,,,,,,,,5.7,,,,,,,464,,,,
RUS,643,ISO 3166-2:RU,150,151,145,Russia,Europe,Eastern Europe,High,,,,,,,,,,,,,6.2,,,92,,,,520,,,,
SVK,703,ISO 3166-2:SK,150,151,154,Slovakia,Europe,Eastern Europe,Women,,,90,2.04,60,55.9,0.6,,,,11.4,80.7,6.1,4.63,,91,,63,,468,,,85,16.2
SVK,703,ISO 3166-2:SK,150,151,153,Slovakia,Europe,Eastern Europe,Total,21,1.2,91,4.14,66,63.5,0.8,20474,119696,23,9.9,77.3,6.2,4.78,24328,91,1.1,66,3,463,,60,85,15.8
SVK,703,ISO 3166-2:SK,150,151,152,Slovakia,Europe,Eastern Europe,Men,,,93,6.04,72,71.7,1,,,,8.4,73.8,6.3,4.91,,91,,70,,458,,,84,15.3
SVK,703,ISO 3166-2:SK,150,151,151,Slovakia,Europe,Eastern Europe,Low,,,,,,,,,,,72.16,,,,,,,64,,414,,,,
SVK,703,ISO 3166-2:SK,150,151,150,Slovakia,Europe,Eastern Europe,High,,,,,,,,,,,5.02,,7.1,,,93,,80,,514,,,,
SVN,705,ISO 3166-2:SI,150,39,159,Slovenia,Europe,Southern Europe,Women,,,87,2.41,66,79.3,0.7,,,,6.5,84.3,5.9,3.26,,92,,61,,517,14.17,,89,19.1
SVN,705,ISO 3166-2:SI,150,39,158,Slovenia,Europe,Southern Europe,Total,16,0.4,88,4.39,69,86.1,0.6,20820,203044,18,5.8,81.3,5.9,3.17,34933,92,1.5,64,2.5,509,14.75,53,90,18.3
SVN,705,ISO 3166-2:SI,150,39,157,Slovenia,Europe,Southern Europe,Men,,,89,6.2,73,93.1,0.5,,,,5,78.2,6,3.1,,91,,68,,502,15.27,,90,17.7
SVN,705,ISO 3166-2:SI,150,39,156,Slovenia,Europe,Southern Europe,Low,,,,,,,,,,,10.55,,,,,,,53,,472,,,,
SVN,705,ISO 3166-2:SI,150,39,155,Slovenia,Europe,Southern Europe,High,,,,,,,,,,,3.84,,,,,,,76,,552,,,,
ZAF,710,ISO 3166-2:ZA,2,18,162,South Africa,Africa,Southern Africa,Women,,,74,13.32,38,27.5,3.6,,,,,59.5,4.7,19.05,,88,,,,,14.37,,64,
ZAF,710,ISO 3166-2:ZA,2,18,161,South Africa,Africa,Southern Africa,Total,22,37,73,18.12,43,36.1,13.7,,,18,,57.5,4.7,16.46,,88,,,,,14.92,73,67,
ZAF,710,ISO 3166-2:ZA,2,18,160,South Africa,Africa,Southern Africa,Men,,,73,22.08,49,45.4,24.7,,,,,55.5,4.7,14.42,,88,,,,,15.02,,70,
ESP,724,ISO 3166-2:ES,150,39,172,Spain,Europe,Southern Europe,Women,,,62,2.15,57,79.7,0.5,,,,25,86.3,6.4,8.82,,94,,70,,491,15.48,,74,18.2
ESP,724,ISO 3166-2:ES,150,39,171,Spain,Europe,Southern Europe,Total,11,0.1,59,4.01,62,82.1,0.6,23999,373548,21,23.1,83.4,6.3,7.66,38507,93,1.9,72,1.8,491,15.93,70,72,17.9
ESP,724,ISO 3166-2:ES,150,39,170,Spain,Europe,Southern Europe,Men,,,56,5.73,68,84.7,0.7,,,,21.1,80.5,6.2,6.65,,93,,75,,492,16.17,,71,17.6
ESP,724,ISO 3166-2:ES,150,39,169,Spain,Europe,Southern Europe,Low,,,,,,,,,,,36.71,,6,,,91,,71,,453,,,,
ESP,724,ISO 3166-2:ES,150,39,168,Spain,Europe,Southern Europe,High,,,,,,,,,,,13.05,,,,,,,82,,535,,,,
SWE,752,ISO 3166-2:SE,150,154,177,Sweden,Europe,Northern Europe,Women,,,84,0.59,75,63.2,0.5,,,,2.4,84.1,7.3,0.92,,92,,72,,504,15.23,,96,20.1
SWE,752,ISO 3166-2:SE,150,154,176,Sweden,Europe,Northern Europe,Total,6,0,83,1.07,77,75.6,0.9,31287,,19,3.2,82.4,7.3,1.12,42393,91,1.7,75,2,496,15.18,86,96,19.3
SWE,752,ISO 3166-2:SE,150,154,175,Sweden,Europe,Northern Europe,Men,,,82,1.54,78,87.9,1.3,,,,3.9,80.6,7.3,1.3,,91,,78,,488,15.12,,96,18.5
SWE,752,ISO 3166-2:SE,150,154,174,Sweden,Europe,Northern Europe,Low,,,,,,,,,,,9.51,,,,,,,64,,454,,,,
SWE,752,ISO 3166-2:SE,150,154,173,Sweden,Europe,Northern Europe,High,,,,,,,,,,,2.15,,7.7,,,92,,86,,543,,,,
CHE,756,ISO 3166-2:CH,150,155,182,Switzerland,Europe,Western Europe,Women,,,86,0.29,75,81.9,0.5,,,,,85.6,7.5,2,,93,,76,,508,,,96,17.4
CHE,756,ISO 3166-2:CH,150,155,181,Switzerland,Europe,Western Europe,Total,15,0.1,88,0.37,80,85.3,0.6,37466,,22,,83.7,7.5,1.82,62283,93,1.9,78,2.3,506,,49,95,17.5
CHE,756,ISO 3166-2:CH,150,155,180,Switzerland,Europe,Western Europe,Men,,,89,0.45,84,88.8,0.7,,,,,81.7,7.5,1.66,,94,,80,,505,,,95,17.6
CHE,756,ISO 3166-2:CH,150,155,179,Switzerland,Europe,Western Europe,Low,,,,,,,,,,,,,,,,,,67,,460,,,,
CHE,756,ISO 3166-2:CH,150,155,178,Switzerland,Europe,Western Europe,High,,,,,,,,,,,,,,,,,,86,,558,,,,
TUR,792,ISO 3166-2:TR,142,145,187,Turkey,Asia,Western Asia,Women,,,35,24.48,32,52.4,0.5,,,,14.9,80.7,5.5,3.94,,86,,65,,429,14.2,,65,18
TUR,792,ISO 3166-2:TR,142,145,186,Turkey,Asia,Western Asia,Total,20,8,39,32.64,52,59.8,1.4,,,20,12.5,78,5.5,2.39,,86,1,69,1.5,425,14.79,86,65,18.3
TUR,792,ISO 3166-2:TR,142,145,185,Turkey,Asia,Western Asia,Men,,,43,36.01,71,67.3,2.2,,,,10.2,75.3,5.4,1.65,,86,,74,,420,14.97,,65,18.6
TUR,792,ISO 3166-2:TR,142,145,184,Turkey,Asia,Western Asia,Low,,,,,,,,,,,11.22,,5.2,,,82,,66,,400,,,,
TUR,792,ISO 3166-2:TR,142,145,183,Turkey,Asia,Western Asia,High,,,,,,,,,,,11.48,,6,,,90,,78,,460,,,,
GBR,826,ISO 3166-2:GB,150,154,192,United Kingdom,Europe,Northern Europe,Women,,,81,6.56,70,74.3,0.1,,,,4.2,83,6.7,0.95,,94,,69,,502,14.86,,85,18
GBR,826,ISO 3166-2:GB,150,154,191,United Kingdom,Europe,Northern Europe,Total,11,0.3,81,12.15,75,77.7,0.2,28715,548392,26,4.5,81.2,6.8,1.13,43732,94,1.9,69,3.1,500,14.92,69,84,17.5
GBR,826,ISO 3166-2:GB,150,154,190,United Kingdom,Europe,Northern Europe,Men,,,81,17.66,80,81.3,0.2,,,,4.9,79.4,6.9,1.3,,94,,69,,498,14.97,,82,17
GBR,826,ISO 3166-2:GB,150,154,189,United Kingdom,Europe,Northern Europe,Low,,,,,,,,,,,7.02,,6.8,,,,,60,,466,,,,
GBR,826,ISO 3166-2:GB,150,154,188,United Kingdom,Europe,Northern Europe,High,,,,,,,,,,,3.1,,7.1,,,,,83,,546,,,,
USA,840,ISO 3166-2:US,19,21,197,United States,Americas,Northern America,Women,,,91,6.67,65,63.8,2.2,,,,7.6,81.1,6.9,0.63,,92,,87,,488,14.4,,83,17.7
USA,840,ISO 3166-2:US,19,21,196,United States,Americas,Northern America,Total,10,0.1,91,11.09,70,73.9,5.5,45284,632100,19,7.7,78.6,6.9,0.66,60558,91,2.4,88,3.1,488,14.44,65,83,17.2
USA,840,ISO 3166-2:US,19,21,195,United States,Americas,Northern America,Men,,,90,15.21,75,84,8.8,,,,7.8,76.1,6.8,0.68,,89,,89,,487,14.48,,82,16.7
USA,840,ISO 3166-2:US,19,21,194,United States,Americas,Northern America,Low,,,,,,,,,,,17.91,,,,,,,74,,450,,,,
USA,840,ISO 3166-2:US,19,21,193,United States,Americas,Northern America,High,,,,,,,,,,,4.35,,7.4,,,95,,96,,534,,,,
